root,level,subject,board,year,page_type,the_rest
www.savemyexams.com,igcse,physics,cie,23,revision-notes,1-motion-forces--energy/1-2-motion/1-2-2-acceleration
www.savemyexams.com,igcse,physics,cie,23,revision-notes,1-motion-forces--energy/1-3-mass-weight--density/1-3-4-floating
www.savemyexams.com,igcse,physics,cie,23,revision-notes,1-motion-forces--energy/1-5-1-moments/1-5-1-moments
www.savemyexams.com,igcse,physics,cie,23,revision-notes,1-motion-forces--energy/1-7-energy-work--power/1-7-3-gravitational-potential-energy
www.savemyexams.com,igcse,physics,cie,23,revision-notes,1-motion-forces--energy/1-9-pressure/1-9-1-pressure--forces
www.savemyexams.com,igcse,physics,cie,23,revision-notes,2-thermal-physics/2-2-thermal-properties--temperature/2-2-2-specific-heat-capacity
www.savemyexams.com,igcse,physics,cie,23,revision-notes,2-thermal-physics/2-3-transfer-of-thermal-energy/2-3-5-the-greenhouse-effect
www.savemyexams.com,igcse,physics,cie,23,revision-notes,3-waves/3-2-light/3-2-1-reflection-of-light
www.savemyexams.com,igcse,physics,cie,23,revision-notes,3-waves/3-2-light/3-2-9-dispersion-of-light
www.savemyexams.com,igcse,physics,cie,23,revision-notes,3-waves/3-4-sound/3-4-3-effects-of-sound-waves
www.savemyexams.com,igcse,physics,cie,23,revision-notes,4-electricity--magnetism/4-2-electrical-quantities/4-2-3-electric-fields
www.savemyexams.com,igcse,physics,cie,23,revision-notes,4-electricity--magnetism/4-3-electric-circuits--electrical-safety/4-3-1-circuit-diagrams--circuit-components
www.savemyexams.com,igcse,physics,cie,23,revision-notes,4-electricity--magnetism/4-4-electromagnetic-effects/4-4-3-the-a-c-generator
www.savemyexams.com,igcse,physics,cie,23,revision-notes,5-nuclear-physics/5-1-the-nuclear-model-of-the-atom/5-1-2-the-nucleus
www.savemyexams.com,igcse,physics,cie,23,revision-notes,5-nuclear-physics/5-2-radioactivity/5-2-6-uses-of-radiation
www.savemyexams.com,igcse,physics,cie,23,revision-notes,6-space-physics/6-2-stars--the-universe/6-2-4-life-cycle-of-a-star
www.savemyexams.com,igcse,physics,cie,23,revision-notes,6-space-physics/6-2-stars--the-universe/6-2-2-the-scale-of-the-universe
www.savemyexams.com,igcse,physics,cie,23,topic-questions,1-motion-forces--energy/1-3-mass-weight--density/multiple-choice-questions
www.savemyexams.com,igcse,physics,cie,23,topic-questions,2-thermal-physics/2-2-thermal-properties--temperature/multiple-choice-questions
www.savemyexams.com,igcse,physics,cie,23,topic-questions,4-electricity--magnetism/4-3-electric-circuits--electrical-safety/multiple-choice-questions
www.savemyexams.com,igcse,physics,cie,23,topic-questions,1-motion-forces--energy/1-2-motion/theory-questions
www.savemyexams.com,igcse,physics,cie,23,topic-questions,1-motion-forces--energy/1-6-momentum/theory-questions
www.savemyexams.com,igcse,physics,cie,23,topic-questions,2-thermal-physics/2-3-transfer-of-thermal-energy/theory-questions
www.savemyexams.com,igcse,physics,cie,23,topic-questions,4-electricity--magnetism/4-2-electrical-quantities/theory-questions
www.savemyexams.com,igcse,physics,cie,23,topic-questions,6-space-physics/6-2-stars--the-universe/theory-questions
www.savemyexams.com,igcse,biology,cie,23,revision-notes,4-biological-molecules/4-1-biological-molecules/4-1-2-food-tests
www.savemyexams.com,igcse,biology,cie,23,revision-notes,10-diseases-and-immunity/10-1-diseases-and-immunity/10-1-1-pathogens--barriers
www.savemyexams.com,igcse,biology,cie,23,revision-notes,11-gas-exchange-in-humans/11-1-gas-exchange-in-humans/11-1-1-features-of-gas-exchange-surfaces
www.savemyexams.com,igcse,biology,cie,23,revision-notes,11-gas-exchange-in-humans/11-1-gas-exchange-in-humans/11-1-9-differences-in-inspired--expired-air-extended
www.savemyexams.com,igcse,biology,cie,23,revision-notes,1-characteristics-and-classification-of-living-organisms/1-1-characteristics-classification-and-features-of-organisms/1-1-1-characteristics-of-living-organisms
www.savemyexams.com,igcse,biology,cie,23,revision-notes,2-organisation-of-the-organism/2-1-cell-structure-and-size-of-specimens/2-1-4-converting-between-units-extended
www.savemyexams.com,igcse,biology,cie,23,revision-notes,3-movement-into-and-out-of-cells/3-1-diffusion-osmosis-and-active-transport/3-1-8-proteins--active-transport
www.savemyexams.com,igcse,biology,cie,23,revision-notes,6-plant-nutrition/6-1-photosynthesis-and-leaf-structure/6-1-8-photosynthesis-chemical-equation-extended
www.savemyexams.com,igcse,biology,cie,23,revision-notes,7-human-nutrition/7-1-human-diet-and-digestion/7-1-5-the-stomach
www.savemyexams.com,igcse,biology,cie,23,revision-notes,7-human-nutrition/7-1-human-diet-and-digestion/7-1-14-adaptations-of-the-small-intestine-extended
www.savemyexams.com,igcse,biology,cie,23,revision-notes,9-transport-in-animals/9-1-circulatory-systems-heart-and-blood-vessels/9-1-1-circulatory-system
www.savemyexams.com,igcse,biology,cie,23,revision-notes,9-transport-in-animals/9-1-circulatory-systems-heart-and-blood-vessels/9-1-9-explaining-the-effect-of-physical-activity-on-heart-rate-extended
www.savemyexams.com,igcse,biology,cie,23,revision-notes,9-transport-in-animals/9-1-circulatory-systems-heart-and-blood-vessels/9-1-17-conversion-of-fibrinogen-extended
www.savemyexams.com,igcse,biology,cie,23,revision-notes,14-coordination-and-response/14-1-coordination-response-and-homeostasis/14-1-6-the-eye
www.savemyexams.com,igcse,biology,cie,23,revision-notes,16-reproduction/16-1-reproduction-in-plants-and-humans/16-1-3-sexual-reproduction-in-plants
www.savemyexams.com,igcse,biology,cie,23,revision-notes,17-inheritance/17-1-inheritance-genes-and-cell-division/17-1-5-which-proteins-are-synthesised
www.savemyexams.com,igcse,biology,cie,23,revision-notes,18-variation-and-selection/18-1-variation-and-natural-selection/18-1-4-natural-selection
www.savemyexams.com,igcse,biology,cie,23,revision-notes,20-human-influences-on-ecosystems/20-1-human-impact-biodiversity-pollution-and-conservation/20-1-1-ensuring-food-supply
www.savemyexams.com,igcse,biology,cie,23,revision-notes,21-biotechnology-and-genetic-modification/21-1-biotechnology-and-genetic-modification/21-1-3-genetic-modification
www.savemyexams.com,igcse,biology,cie,23,topic-questions,6-plant-nutrition/6-1-photosynthesis-and-leaf-structure/multiple-choice-questions
www.savemyexams.com,igcse,biology,cie,23,topic-questions,14-coordination-and-response/14-1-coordination-response-and-homeostasis/multiple-choice-questions
www.savemyexams.com,igcse,biology,cie,23,topic-questions,1-characteristics-and-classification-of-living-organisms/1-1-characteristics-classification-and-features-of-organisms/theory-questions
www.savemyexams.com,igcse,biology,cie,23,topic-questions,5-enzymes/5-1-enzymes/theory-questions
www.savemyexams.com,igcse,biology,cie,23,topic-questions,9-transport-in-animals/9-1-circulatory-systems-heart-and-blood-vessels/theory-questions
www.savemyexams.com,igcse,biology,cie,23,topic-questions,14-coordination-and-response/14-1-coordination-response-and-homeostasis/theory-questions
www.savemyexams.com,igcse,biology,cie,23,topic-questions,21-biotechnology-and-genetic-modification/21-1-biotechnology-and-genetic-modification/theory-questions
www.savemyexams.com,igcse,chemistry,cie,23,revision-notes,1-states-of-matter/1-1-solids-liquids--gases/1-1-2-states-of-matter
www.savemyexams.com,igcse,chemistry,cie,23,revision-notes,2-atoms-elements--compounds/2-2-ions--ionic-bonds/2-2-2-ionic-bonds--lattice-structure
www.savemyexams.com,igcse,chemistry,cie,23,revision-notes,3-stoichiometry/3-1-formulae--relative-masses/3-1-1-formulae
www.savemyexams.com,igcse,chemistry,cie,23,revision-notes,3-stoichiometry/3-2-the-mole--the-avogadro-constant/3-2-5-titration-calculations
www.savemyexams.com,igcse,chemistry,cie,23,revision-notes,4-electrochemistry/4-2-applications-of-electrolysis/4-2-1-electroplating
www.savemyexams.com,igcse,chemistry,cie,23,revision-notes,6-chemical-reactions/6-1-chemical-change--rate-of-reaction/6-1-4-explaining-rates-using-collision-theory
www.savemyexams.com,igcse,chemistry,cie,23,revision-notes,6-chemical-reactions/6-3-redox/6-3-2-redox--electron-transfer
www.savemyexams.com,igcse,chemistry,cie,23,revision-notes,7-acids-bases--salts/7-2-preparation-of-salts/7-2-4-hydrated--anhydrous-salts
www.savemyexams.com,igcse,chemistry,cie,23,revision-notes,9-metals/9-1-properties-uses--alloys-of-metals/9-1-1-properties-of-metals
www.savemyexams.com,igcse,chemistry,cie,23,revision-notes,9-metals/9-3-extraction-of-metals/9-3-2-extraction-of-iron-from-hematite
www.savemyexams.com,igcse,chemistry,cie,23,revision-notes,10-chemistry-of-the-environment/10-2-air-quality--climate/10-2-3-reducing-the-effects-of-environmental-issues
www.savemyexams.com,igcse,chemistry,cie,23,revision-notes,11-organic-chemistry/11-2-organic-families/11-2-3-alkenes
www.savemyexams.com,igcse,chemistry,cie,23,revision-notes,11-organic-chemistry/11-3-polymers/11-3-4-proteins
www.savemyexams.com,igcse,chemistry,cie,23,revision-notes,12-experimental-techniques--chemical-analysis/12-3-identification-of-ions--gases/12-3-2-identification-of-cations
www.savemyexams.com,igcse,chemistry,cie,23,topic-questions,3-stoichiometry/3-2-the-mole--the-avogadro-constant/multiple-choice-questions
www.savemyexams.com,igcse,chemistry,cie,23,topic-questions,7-acids-bases--salts/7-2-preparation-of-salts/multiple-choice-questions
www.savemyexams.com,igcse,chemistry,cie,23,topic-questions,11-organic-chemistry/11-1-formulae-functional-groups--terminology/multiple-choice-questions
www.savemyexams.com,igcse,chemistry,cie,23,topic-questions,2-atoms-elements--compounds/2-2-ions--ionic-bonds/theory-questions
www.savemyexams.com,igcse,chemistry,cie,23,topic-questions,4-electrochemistry/4-2-applications-of-electrolysis/theory-questions
www.savemyexams.com,igcse,chemistry,cie,23,topic-questions,6-chemical-reactions/6-3-redox/theory-questions
www.savemyexams.com,igcse,chemistry,cie,23,topic-questions,9-metals/9-1-properties-uses--alloys-of-metals/alternative-to-practical-questions
www.savemyexams.com,igcse,chemistry,cie,23,topic-questions,11-organic-chemistry/11-1-formulae-functional-groups--terminology/alternative-to-practical-questions
www.savemyexams.com,igcse,chemistry,cie,23,topic-questions,12-experimental-techniques--chemical-analysis/12-3-identification-of-ions--gases/theory-questions
www.savemyexams.com,igcse,biology_co-ordinated-sciences-double-award,cie,23,revision-notes,1-characteristics-and-classification-of-living-organisms/characteristics-classification-and-features-of-organisms/characteristics-of-living-organisms
www.savemyexams.com,igcse,biology_co-ordinated-sciences-double-award,cie,23,revision-notes,3-movement-into-and-out-of-cells/diffusion-osmosis-and-active-transport/osmosis-experiments
www.savemyexams.com,igcse,biology_co-ordinated-sciences-double-award,cie,23,revision-notes,5-enzymes/enzymes/enzyme-action-and-specificity-extended
www.savemyexams.com,igcse,biology_co-ordinated-sciences-double-award,cie,23,revision-notes,6-plant-nutrition/photosynthesis-and-leaf-structure/environmental-factors-and-the-rate-of-photosynthesis
www.savemyexams.com,igcse,biology_co-ordinated-sciences-double-award,cie,23,revision-notes,7-human-nutrition/human-diet-and-digestion/chemical-digestion
www.savemyexams.com,igcse,biology_co-ordinated-sciences-double-award,cie,23,revision-notes,8-transport-in-plants/transport-in-plants/investigating-temperature-and-wind-speed
www.savemyexams.com,igcse,biology_co-ordinated-sciences-double-award,cie,23,revision-notes,9-transport-in-animals/circulatory-systems-heart-and-blood-vessels/coronary-heart-disease
www.savemyexams.com,igcse,biology_co-ordinated-sciences-double-award,cie,23,revision-notes,9-transport-in-animals/circulatory-systems-heart-and-blood-vessels/white-blood-cells-extended
www.savemyexams.com,igcse,biology_co-ordinated-sciences-double-award,cie,23,revision-notes,11-gas-exchange-in-humans/gas-exchange-in-humans/the-breathing-system
www.savemyexams.com,igcse,biology_co-ordinated-sciences-double-award,cie,23,revision-notes,13-coordination-and-response/coordination-response-and-homeostasis/the-reflex-arc
www.savemyexams.com,igcse,biology_co-ordinated-sciences-double-award,cie,23,revision-notes,15-reproduction/reproduction-in-plants-and-humans/sexual-reproduction-in-plants
www.savemyexams.com,igcse,biology_co-ordinated-sciences-double-award,cie,23,revision-notes,16-inheritance/inheritance-genes-and-cell-division/meiosis-extended
www.savemyexams.com,igcse,biology_co-ordinated-sciences-double-award,cie,23,revision-notes,18-organisms-and-their-environment/energy-and-feeding-relationships/efficiency-of-energy-transfer-extended
www.savemyexams.com,igcse,biology_co-ordinated-sciences-double-award,cie,23,topic-questions,2-organisation-of-the-organism/cell-structure-and-size-of-specimens/theory-questions
www.savemyexams.com,igcse,biology_co-ordinated-sciences-double-award,cie,23,topic-questions,5-enzymes/enzymes/multiple-choice-questions
www.savemyexams.com,igcse,biology_co-ordinated-sciences-double-award,cie,23,topic-questions,7-human-nutrition/human-diet-and-digestion/alternative-to-practical-questions
www.savemyexams.com,igcse,biology_co-ordinated-sciences-double-award,cie,23,topic-questions,10-diseases-and-immunity/diseases-and-immunity/theory-questions
www.savemyexams.com,igcse,biology_co-ordinated-sciences-double-award,cie,23,topic-questions,13-coordination-and-response/coordination-response-and-homeostasis/theory-questions
www.savemyexams.com,igcse,biology_co-ordinated-sciences-double-award,cie,23,topic-questions,17-variation-and-selection/variation-and-natural-selection/theory-questions
www.savemyexams.com,igcse,chemistry_co-ordinated-sciences-double-award,cie,23,revision-notes,atoms-elements-and-compounds/atomic-structure-and-the-periodic-table/electronic-configuration
www.savemyexams.com,igcse,chemistry_co-ordinated-sciences-double-award,cie,23,revision-notes,atoms-elements-and-compounds/giant-structures/diamond-and-graphite
www.savemyexams.com,igcse,chemistry_co-ordinated-sciences-double-award,cie,23,revision-notes,electrochemistry/electrochemistry/electrolysis-principles
www.savemyexams.com,igcse,chemistry_co-ordinated-sciences-double-award,cie,23,revision-notes,chemical-energetics/exothermic-and-endothermic-reactions/bond-breaking-and-bond-forming
www.savemyexams.com,igcse,chemistry_co-ordinated-sciences-double-award,cie,23,revision-notes,chemical-reactions/redox/redox-and-electron-transfer
www.savemyexams.com,igcse,chemistry_co-ordinated-sciences-double-award,cie,23,revision-notes,the-periodic-table/group-properties-and-trends/group-i-properties
www.savemyexams.com,igcse,chemistry_co-ordinated-sciences-double-award,cie,23,revision-notes,metals/extraction-of-metals/extraction-of-metals
www.savemyexams.com,igcse,chemistry_co-ordinated-sciences-double-award,cie,23,revision-notes,organic-chemistry/formulae-functional-groups-and-terminology/organic-formulae
www.savemyexams.com,igcse,chemistry_co-ordinated-sciences-double-award,cie,23,revision-notes,organic-chemistry/organic-families/alcohols
www.savemyexams.com,igcse,chemistry_co-ordinated-sciences-double-award,cie,23,revision-notes,experimental-techniques-and-chemical-analysis/identification-of-ions-and-gases/identification-of-anions
www.savemyexams.com,igcse,chemistry_co-ordinated-sciences-double-award,cie,23,topic-questions,states-of-matter/solids-liquids-and-gases/multiple-choice-questions
www.savemyexams.com,igcse,chemistry_co-ordinated-sciences-double-award,cie,23,topic-questions,chemical-energetics/exothermic-and-endothermic-reactions/multiple-choice-questions
www.savemyexams.com,igcse,chemistry_co-ordinated-sciences-double-award,cie,23,topic-questions,metals/reactivity-series-and-corrosion-of-metals/multiple-choice-questions
www.savemyexams.com,igcse,chemistry_co-ordinated-sciences-double-award,cie,23,topic-questions,experimental-techniques-and-chemical-analysis/separation-and-purification/multiple-choice-questions
www.savemyexams.com,igcse,chemistry_co-ordinated-sciences-double-award,cie,23,topic-questions,stoichiometry/the-mole-and-the-avogadro-constant/theory-questions
www.savemyexams.com,igcse,chemistry_co-ordinated-sciences-double-award,cie,23,topic-questions,the-periodic-table/group-properties-and-trends/theory-questions
www.savemyexams.com,igcse,chemistry_co-ordinated-sciences-double-award,cie,23,topic-questions,organic-chemistry/polymers/theory-questions
www.savemyexams.com,igcse,chemistry_co-ordinated-sciences-double-award,cie,23,topic-questions,acids-bases-and-salts/the-characteristic-properties-of-acids-and-bases/alternative-to-practical-questions
www.savemyexams.com,igcse,chemistry_co-ordinated-sciences-double-award,cie,23,topic-questions,experimental-techniques-and-chemical-analysis/experimental-techniques/alternative-to-practical-questions
www.savemyexams.com,as,physics,cie,25,revision-notes,1-physical-quantities-and-units/1-4-scalars-and-vectors/scalars-and-vectors
www.savemyexams.com,as,physics,cie,25,revision-notes,2-kinematics/2-1-equations-of-motion/acceleration-of-free-fall-experiment
www.savemyexams.com,as,physics,cie,25,revision-notes,3-dynamics/3-2-non-uniform-motion/terminal-velocity
www.savemyexams.com,as,physics,cie,25,revision-notes,4-forces-density-and-pressure/4-3-density-and-pressure/density
www.savemyexams.com,as,physics,cie,25,revision-notes,5-work-energy-and-power/5-1-energy-conservation/power
www.savemyexams.com,as,physics,cie,25,revision-notes,6-deformation-of-solids/6-2-elastic-and-plastic-behaviour/elastic-potential-energy
www.savemyexams.com,as,physics,cie,25,revision-notes,7-waves/7-5-polarisation/polarisation
www.savemyexams.com,as,physics,cie,25,revision-notes,8-superposition/8-4-the-diffraction-grating/the-diffraction-grating
www.savemyexams.com,as,physics,cie,25,revision-notes,9-electricity/9-3-resistance-and-resistivity/resistivity
www.savemyexams.com,as,physics,cie,25,revision-notes,10-d-c-circuits/10-2-kirchhoffs-laws/resistors-in-parallel
www.savemyexams.com,as,physics,cie,25,revision-notes,11-particle-physics/11-1-atoms-nuclei-and-radiation/nucleon-and-proton-number
www.savemyexams.com,as,physics,cie,25,topic-questions,1-physical-quantities-and-units/1-2-si-units/multiple-choice-questions
www.savemyexams.com,as,physics,cie,25,topic-questions,4-forces-density-and-pressure/4-2-equilibrium-of-forces/multiple-choice-questions
www.savemyexams.com,as,physics,cie,25,topic-questions,7-waves/7-3-doppler-effect-for-sound-waves/multiple-choice-questions
www.savemyexams.com,as,physics,cie,25,topic-questions,9-electricity/9-2-potential-difference-and-power/multiple-choice-questions
www.savemyexams.com,as,physics,cie,25,topic-questions,1-physical-quantities-and-units/1-2-si-units/structured-questions
www.savemyexams.com,as,physics,cie,25,topic-questions,4-forces-density-and-pressure/4-2-equilibrium-of-forces/structured-questions
www.savemyexams.com,as,physics,cie,25,topic-questions,7-waves/7-3-doppler-effect-for-sound-waves/structured-questions
www.savemyexams.com,as,physics,cie,25,topic-questions,9-electricity/9-2-potential-difference-and-power/structured-questions
www.savemyexams.com,as,physics,cie,22,topic-questions,
www.savemyexams.com,as,chemistry,cie,25,revision-notes,1-atomic-structure/1-1-particles-in-the-atom-and-atomic-radius/determining-subatomic-structure
www.savemyexams.com,as,chemistry,cie,25,revision-notes,1-atomic-structure/1-4-ionisation-energy/ionisation-energy-trends
www.savemyexams.com,as,chemistry,cie,25,revision-notes,2-atoms-molecules-and-stoichiometry/2-4-reacting-masses-and-volumes-of-solutions-and-gases/reacting-masses-and-volumes
www.savemyexams.com,as,chemistry,cie,25,revision-notes,3-chemical-bonding/3-4-covalent-bonding-and-coordinate-dative-covalent-bonding/coordinate-bonding
www.savemyexams.com,as,chemistry,cie,25,revision-notes,3-chemical-bonding/3-7-dot-and-cross-diagrams/dot-and-cross-diagrams
www.savemyexams.com,as,chemistry,cie,25,revision-notes,5-chemical-energetics/5-1-enthalpy-change-h/enthalpy-and-bond-energies
www.savemyexams.com,as,chemistry,cie,25,revision-notes,7-equilibria/7-1-chemical-equilibria-reversible-reactions-and-dynamic-equilibrium/equilibrium-constant-calculations
www.savemyexams.com,as,chemistry,cie,25,revision-notes,7-equilibria/7-2-brnsted-lowry-theory-of-acids-and-bases/ph-titration-curves
www.savemyexams.com,as,chemistry,cie,25,revision-notes,9-the-periodic-table-chemical-periodicity/9-2-periodicity-of-chemical-properties-of-the-elements-in-period-3/reactions-of-the-period-3-elements
www.savemyexams.com,as,chemistry,cie,25,revision-notes,10-group-2/10-1-similarities-and-trends-in-the-properties-of-the-group-2-metals-magnesium-to-barium-and-their-compounds/thermal-decomposition-of-group-2-nitrates-and-carbonates
www.savemyexams.com,as,chemistry,cie,25,revision-notes,12-nitrogen-and-sulfur/12-1-nitrogen-and-sulfur/nitrogen-oxides
www.savemyexams.com,as,chemistry,cie,25,revision-notes,13-an-introduction-to-as-level-organic-chemistry/13-3-shapes-of-organic-molecules--and--bonds/hybridisation-in-organic-molecules
www.savemyexams.com,as,chemistry,cie,25,revision-notes,14-hydrocarbons/14-1-alkanes/free-radical-substitution
www.savemyexams.com,as,chemistry,cie,25,revision-notes,14-hydrocarbons/14-2-alkenes/markovnikovs-rule
www.savemyexams.com,as,chemistry,cie,25,revision-notes,16-hydroxy-compounds/16-1-alcohols/classifying-and-testing-for-alcohols
www.savemyexams.com,as,chemistry,cie,25,revision-notes,18-carboxylic-acids-and-derivatives/18-2-esters/esters
www.savemyexams.com,as,chemistry,cie,25,revision-notes,22-analytical-techniques/22-1-infrared-spectroscopy/infrared-spectroscopy
www.savemyexams.com,as,chemistry,cie,22,topic-questions,1-physical-chemistry/1-3-chemical-bonding/structured-questions
www.savemyexams.com,as,chemistry,cie,22,topic-questions,2-inorganic-chemistry/2-3-group-17/structured-questions
www.savemyexams.com,as,chemistry,cie,22,topic-questions,3-organic-chemistry/3-7-nitrogen-compounds/structured-questions
www.savemyexams.com,as,chemistry,cie,25,topic-questions,2-atoms-molecules-and-stoichiometry/2-1-relative-masses-of-atoms-and-molecules/multiple-choice-questions
www.savemyexams.com,as,chemistry,cie,25,topic-questions,3-chemical-bonding/3-5-shapes-of-molecules/multiple-choice-questions
www.savemyexams.com,as,chemistry,cie,25,topic-questions,7-equilibria/7-1-chemical-equilibria-reversible-reactions-and-dynamic-equilibrium/multiple-choice-questions
www.savemyexams.com,as,chemistry,cie,25,topic-questions,10-group-2/10-1-similarities-and-trends-in-the-properties-of-the-group-2-metals-magnesium-to-barium-and-their-compounds/multiple-choice-questions
www.savemyexams.com,as,chemistry,cie,25,topic-questions,15-halogen-compounds/15-1-halogenoalkanes/multiple-choice-questions
www.savemyexams.com,as,chemistry,cie,25,topic-questions,21-organic-synthesis/21-1-organic-synthesis/multiple-choice-questions
www.savemyexams.com,as,chemistry,cie,25,topic-questions,2-atoms-molecules-and-stoichiometry/2-2-the-mole-and-the-avogadro-constant/structured-questions
www.savemyexams.com,as,chemistry,cie,25,topic-questions,3-chemical-bonding/3-6-intermolecular-forces-electronegativity-and-bond-properties/structured-questions
www.savemyexams.com,as,chemistry,cie,25,topic-questions,7-equilibria/7-2-brnsted-lowry-theory-of-acids-and-bases/structured-questions
www.savemyexams.com,as,chemistry,cie,25,topic-questions,12-nitrogen-and-sulfur/12-1-nitrogen-and-sulfur/structured-questions
www.savemyexams.com,as,chemistry,cie,25,topic-questions,16-hydroxy-compounds/16-1-alcohols/structured-questions
www.savemyexams.com,as,chemistry,cie,25,topic-questions,22-analytical-techniques/22-1-infrared-spectroscopy/structured-questions
www.savemyexams.com,as,chemistry,cie,25,topic-questions,11-group-17/11-3-some-reactions-of-the-halide-ions/structured-questions
www.savemyexams.com,as,biology,cie,25,revision-notes,1-cell-structure/1-2-cells-as-the-basic-units-of-living-organisms/animal-and-plant-cells
www.savemyexams.com,as,biology,cie,25,revision-notes,2-biological-molecules/2-2-carbohydrates-and-lipids/covalent-bonds-in-polymers
www.savemyexams.com,as,biology,cie,25,revision-notes,2-biological-molecules/2-3-proteins/the-four-levels-of-protein-structure
www.savemyexams.com,as,biology,cie,25,revision-notes,3-enzymes/3-1-mode-of-action-of-enzymes/enzyme-action
www.savemyexams.com,as,biology,cie,25,revision-notes,3-enzymes/3-2-factors-that-affect-enzyme-action/rate-inhibitor-concentration
www.savemyexams.com,as,biology,cie,25,revision-notes,4-cell-membranes-and-transport/4-2-movement-into-and-out-of-cells/diffusion
www.savemyexams.com,as,biology,cie,25,revision-notes,4-cell-membranes-and-transport/4-2-movement-into-and-out-of-cells/estimating-water-potential-in-plants
www.savemyexams.com,as,biology,cie,25,revision-notes,5-the-mitotic-cell-cycle/5-1-replication-and-division-of-nuclei-and-cells/the-role-of-stem-cells
www.savemyexams.com,as,biology,cie,25,revision-notes,6-nucleic-acids-and-protein-synthesis/6-2-protein-synthesis/from-gene-to-polypeptide
www.savemyexams.com,as,biology,cie,25,revision-notes,7-transport-in-plants/7-1-structure-of-transport-tissues/phloem-sieve-tube-elements
www.savemyexams.com,as,biology,cie,25,revision-notes,8-transport-in-mammals/8-1-the-circulatory-system/circulatory-systems
www.savemyexams.com,as,biology,cie,25,revision-notes,8-transport-in-mammals/8-2-transport-of-oxygen-and-carbon-dioxide/the-chloride-shift
www.savemyexams.com,as,biology,cie,25,revision-notes,9-gas-exchange/9-1-the-gas-exchange-system/the-human-gas-exchange-system
www.savemyexams.com,as,biology,cie,25,revision-notes,10-infectious-diseases/10-1-infectious-diseases/prevention-and-control-of-disease
www.savemyexams.com,as,biology,cie,25,revision-notes,11-immunity/11-2-antibodies-and-vaccination/antibodies
www.savemyexams.com,as,biology,cie,25,topic-questions,2-biological-molecules/2-1-testing-for-biological-molecules/multiple-choice-questions
www.savemyexams.com,as,biology,cie,25,topic-questions,5-the-mitotic-cell-cycle/5-1-replication-and-division-of-nuclei-and-cells/multiple-choice-questions
www.savemyexams.com,as,biology,cie,25,topic-questions,8-transport-in-mammals/8-3-the-heart/multiple-choice-questions
www.savemyexams.com,as,biology,cie,25,topic-questions,2-biological-molecules/2-1-testing-for-biological-molecules/structured-questions
www.savemyexams.com,as,biology,cie,25,topic-questions,5-the-mitotic-cell-cycle/5-1-replication-and-division-of-nuclei-and-cells/structured-questions
www.savemyexams.com,as,biology,cie,25,topic-questions,8-transport-in-mammals/8-3-the-heart/structured-questions
www.savemyexams.com,as,biology,cie,25,revision-notes,
www.savemyexams.com,a-level,physics,cie,22,revision-notes,1-physical-quantities--units/1-2-measurements--errors/1-2-2-calculating-uncertainties
www.savemyexams.com,a-level,physics,cie,22,revision-notes,3-dynamics/3-1-newtons-laws-of-motion/3-1-3-newtons-laws-of-motion
www.savemyexams.com,a-level,physics,cie,22,revision-notes,4-forces-density--pressure/4-2-forces-density--pressure/4-2-2-pressure
www.savemyexams.com,a-level,physics,cie,22,revision-notes,7-waves/7-1-waves-transverse--longitudinal/7-1-3-the-wave-equation
www.savemyexams.com,a-level,physics,cie,22,revision-notes,9-electricity/9-1-current--potential-difference/9-1-3-potential-difference
www.savemyexams.com,a-level,physics,cie,22,revision-notes,10-d-c-circuits/10-1-dc-practical-circuits--kirchhoffs-laws/10-1-5-kirchhoffs-second-law
www.savemyexams.com,a-level,physics,cie,22,revision-notes,13-gravitational-fields/13-1-universal-gravitation/13-1-1-gravitational-fields
www.savemyexams.com,a-level,physics,cie,22,revision-notes,15-ideal-gases/15-1-ideal-gas-law/15-1-2-ideal-gases
www.savemyexams.com,a-level,physics,cie,22,revision-notes,18-electric-fields/18-1-electric-fields/18-1-3-electric-field-strength
www.savemyexams.com,a-level,physics,cie,22,revision-notes,19-capacitance/19-2-charging-and-discharging/19-2-1-capacitor-discharge-graphs
www.savemyexams.com,a-level,physics,cie,22,revision-notes,20-magnetic-fields/20-1-magnetic-fields/20-1-8-motion-of-a-charged-particle-in-a-magnetic-field
www.savemyexams.com,a-level,physics,cie,22,revision-notes,22-quantum-physics/22-1-the-photoelectric-effect/22-1-2-the-electronvolt
www.savemyexams.com,a-level,physics,cie,22,revision-notes,23-nuclear-physics/23-2-radioactive-decay/23-2-1-the-random-nature-of-radioactive-decay
www.savemyexams.com,a-level,physics,cie,22,revision-notes,24-medical-physics/24-2-pet-scanning/24-2-1-radioactive-tracers
www.savemyexams.com,a-level,physics,cie,22,revision-notes,25-astronomy--cosmology/25-2-cosmology/25-2-3-hubbles-law--the-big-bang-theory
www.savemyexams.com,a-level,physics,cie,25,revision-notes,10-d-c-circuits/10-2-kirchhoffs-laws/resistors-in-parallel
www.savemyexams.com,a-level,physics,cie,25,revision-notes,21-alternating-currents/21-2-rectification-and-smoothing/smoothing
www.savemyexams.com,a-level,physics,cie,22,topic-questions,4-forces-density--pressure/4-1-forces-turning-effects--equilibrium/structured-questions
www.savemyexams.com,a-level,physics,cie,22,topic-questions,8-superposition/8-1-stationary-waves/structured-questions
www.savemyexams.com,a-level,physics,cie,22,topic-questions,11-particle-physics/11-2-fundamental-particles/structured-questions
www.savemyexams.com,a-level,physics,cie,22,topic-questions,15-ideal-gases/15-2-kinetic-theory/structured-questions
www.savemyexams.com,a-level,physics,cie,22,topic-questions,20-magnetic-fields/20-1-magnetic-fields/structured-questions
www.savemyexams.com,a-level,physics,cie,22,topic-questions,24-medical-physics/24-1-ultrasound--x-rays/structured-questions
www.savemyexams.com,a-level,physics,cie,22,topic-questions,3-dynamics/3-2-linear-momentum--conservation/multiple-choice
www.savemyexams.com,a-level,physics,cie,22,topic-questions,7-waves/7-2-transverse-waves-em-spectrum--polarisation/multiple-choice
www.savemyexams.com,a-level,physics,cie,22,topic-questions,11-particle-physics/11-1-atoms-nuclei--radiation/multiple-choice
www.savemyexams.com,a-level,physics,cie,25,topic-questions,3-dynamics/3-2-non-uniform-motion/multiple-choice-questions
www.savemyexams.com,a-level,physics,cie,25,topic-questions,6-deformation-of-solids/6-2-elastic-and-plastic-behaviour/multiple-choice-questions
www.savemyexams.com,a-level,physics,cie,25,topic-questions,8-superposition/8-3-interference/multiple-choice-questions
www.savemyexams.com,a-level,physics,cie,25,topic-questions,11-particle-physics/11-1-atoms-nuclei-and-radiation/multiple-choice-questions
www.savemyexams.com,a-level,physics,cie,25,topic-questions,3-dynamics/3-2-non-uniform-motion/structured-questions
www.savemyexams.com,a-level,physics,cie,25,topic-questions,6-deformation-of-solids/6-2-elastic-and-plastic-behaviour/structured-questions
www.savemyexams.com,a-level,physics,cie,25,topic-questions,8-superposition/8-3-interference/structured-questions
www.savemyexams.com,a-level,physics,cie,25,topic-questions,11-particle-physics/11-1-atoms-nuclei-and-radiation/structured-questions
www.savemyexams.com,a-level,physics,cie,25,topic-questions,14-temperature/14-1-thermal-equilibrium/structured-questions
www.savemyexams.com,a-level,physics,cie,25,topic-questions,17-oscillations/17-1-simple-harmonic-oscillations/structured-questions
www.savemyexams.com,a-level,physics,cie,25,topic-questions,19-capacitance/19-1-capacitors-and-capacitance/structured-questions
www.savemyexams.com,a-level,physics,cie,25,topic-questions,21-alternating-currents/21-1-characteristics-of-alternating-currents/structured-questions
www.savemyexams.com,a-level,physics,cie,25,topic-questions,24-medical-physics/24-1-production-and-use-of-ultrasound/structured-questions
www.savemyexams.com,a-level,physics,cie,25,revision-notes,
www.savemyexams.com,a-level,chemistry,cie,25,revision-notes,1-atomic-structure/1-4-ionisation-energy/ionisation-energy-and-electronic-configuration
www.savemyexams.com,a-level,chemistry,cie,25,revision-notes,11-group-17/11-2-the-chemical-properties-of-the-halogen-elements-and-the-hydrogen-halides/chemical-properties-of-the-halogens-and-hydrogen-halides
www.savemyexams.com,a-level,chemistry,cie,25,revision-notes,37-analytical-techniques-al/37-3-carbon-13-nmr-spectroscopy/predicting-carbon-13-nmr-spectra
www.savemyexams.com,a-level,chemistry,cie,22,revision-notes,1-physical-chemistry/1-4-states-of-matter/1-4-2-ideal-gas-law--equation
www.savemyexams.com,a-level,chemistry,cie,22,revision-notes,2-inorganic-chemistry/2-1-the-periodic-table-chemical-periodicity/2-1-6-period-3-elements-electronegativity--bonding
www.savemyexams.com,a-level,chemistry,cie,22,revision-notes,5-physical-chemistry-a-level-only/5-4-electrochemistry-calculations--applications-a-level-only/5-4-3-electrochemical-series--redox-equations
www.savemyexams.com,a-level,chemistry,cie,22,revision-notes,8-analysis-a-level-only/8-1-analytical-techniques-a-level-only/8-1-7-deuterated-solvents-in-proton-nmr
www.savemyexams.com,a-level,chemistry,cie,22,topic-questions,1-physical-chemistry/1-8-reaction-kinetics/multiple-choice-questions
www.savemyexams.com,a-level,chemistry,cie,22,topic-questions,3-organic-chemistry/3-4-hydroxy-compounds/multiple-choice-questions
www.savemyexams.com,a-level,chemistry,cie,22,topic-questions,1-physical-chemistry/1-2-atoms-molecules--stoichiometry/structured-questions
www.savemyexams.com,a-level,chemistry,cie,22,topic-questions,2-inorganic-chemistry/2-2-group-2/structured-questions
www.savemyexams.com,a-level,chemistry,cie,22,topic-questions,3-organic-chemistry/3-6-carboxylic-acids--derivatives/structured-questions
www.savemyexams.com,a-level,chemistry,cie,22,topic-questions,5-physical-chemistry-a-level-only/5-4-electrochemistry-calculations--applications-a-level-only/structured-questions
www.savemyexams.com,a-level,chemistry,cie,22,topic-questions,7-organic-chemistry-a-level-only/7-4-hydroxy-compounds-a-level-only/structured-questions
www.savemyexams.com,a-level,chemistry,cie,25,topic-questions,1-atomic-structure/1-3-electrons-energy-levels-and-atomic-orbitals/multiple-choice-questions
www.savemyexams.com,a-level,chemistry,cie,25,topic-questions,3-chemical-bonding/3-3-metallic-bonding/multiple-choice-questions
www.savemyexams.com,a-level,chemistry,cie,25,topic-questions,5-chemical-energetics/5-2-hesss-law/multiple-choice-questions
www.savemyexams.com,a-level,chemistry,cie,25,topic-questions,9-the-periodic-table-chemical-periodicity/9-2-periodicity-of-chemical-properties-of-the-elements-in-period-3/multiple-choice-questions
www.savemyexams.com,a-level,chemistry,cie,25,topic-questions,13-an-introduction-to-as-level-organic-chemistry/13-1-formulas-functional-groups-and-the-naming-of-organic-compounds/multiple-choice-questions
www.savemyexams.com,a-level,chemistry,cie,25,topic-questions,17-carbonyl-compounds/17-1-aldehydes-and-ketones/multiple-choice-questions
www.savemyexams.com,a-level,chemistry,cie,25,topic-questions,22-analytical-techniques/22-2-mass-spectrometry/multiple-choice-questions
www.savemyexams.com,a-level,chemistry,cie,25,topic-questions,2-atoms-molecules-and-stoichiometry/2-4-reacting-masses-and-volumes-of-solutions-and-gases/structured-questions
www.savemyexams.com,a-level,chemistry,cie,25,topic-questions,4-states-of-matter/4-1-the-gaseous-state-ideal-and-real-gases-and-pv-equals-nrt/structured-questions
www.savemyexams.com,a-level,chemistry,cie,25,topic-questions,8-reaction-kinetics/8-2-effect-of-temperature-on-reaction-rates-and-the-concept-of-activation-energy/structured-questions
www.savemyexams.com,a-level,chemistry,cie,25,topic-questions,11-group-17/11-3-some-reactions-of-the-halide-ions/structured-questions
www.savemyexams.com,a-level,chemistry,cie,25,topic-questions,14-hydrocarbons/14-2-alkenes/structured-questions
www.savemyexams.com,a-level,chemistry,cie,25,topic-questions,20-polymerisation/20-1-addition-polymerisation/structured-questions
www.savemyexams.com,a-level,chemistry,cie,25,topic-questions,24-electrochemistry-al/24-1-electrolysis/structured-questions
www.savemyexams.com,a-level,chemistry,cie,25,topic-questions,28-chemistry-of-transition-elements/28-2-general-characteristic-chemical-properties-of-the-first-set-of-transition-elements-titanium-to-copper/structured-questions
www.savemyexams.com,a-level,chemistry,cie,25,topic-questions,30-hydrocarbons-al/30-1-arenes/structured-questions
www.savemyexams.com,a-level,chemistry,cie,25,topic-questions,34-nitrogen-compounds-al/34-2-phenylamine-and-azo-compounds/structured-questions
www.savemyexams.com,a-level,chemistry,cie,25,topic-questions,37-analytical-techniques-al/37-2-gasliquid-chromatography/structured-questions
www.savemyexams.com,a-level,biology,cie,22,revision-notes,1-cell-structure/1-1-the-microscope-in-cell-studies/1-1-2-magnification-calculations
www.savemyexams.com,a-level,biology,cie,22,revision-notes,1-cell-structure/1-2-cells-as-the-basic-units-of-living-organisms/1-2-5-viruses
www.savemyexams.com,a-level,biology,cie,22,revision-notes,2-biological-molecules/2-2-carbohydrates--lipids/2-2-5-starch--glycogen
www.savemyexams.com,a-level,biology,cie,22,revision-notes,2-biological-molecules/2-3-proteins/2-3-5-haemoglobin
www.savemyexams.com,a-level,biology,cie,22,revision-notes,3-enzymes/3-1-mode-of-action-of-enzymes/3-1-5-colorimetry
www.savemyexams.com,a-level,biology,cie,22,revision-notes,3-enzymes/3-2-factors-that-affect-enzyme-action/3-2-8-enzyme-activity-immobilised-v-free
www.savemyexams.com,a-level,biology,cie,22,revision-notes,4-cell-membranes--transport/4-2-movement-into--out-of-cells/4-2-4-endocytosis--exocytosis
www.savemyexams.com,a-level,biology,cie,22,revision-notes,4-cell-membranes--transport/4-2-movement-into--out-of-cells/4-2-12-comparing-osmosis-in-plants--animals
www.savemyexams.com,a-level,biology,cie,22,revision-notes,5-the-mitotic-cell-cycle/5-2-chromosome-behaviour-in-mitosis/5-2-2-observing-mitosis
www.savemyexams.com,a-level,biology,cie,22,revision-notes,6-nucleic-acids--protein-synthesis/6-2-protein-synthesis/6-2-4-transcription
www.savemyexams.com,a-level,biology,cie,22,revision-notes,7-transport-in-plants/7-2-transport-mechanisms/7-2-3-water--the-transpiration-pull
www.savemyexams.com,a-level,biology,cie,22,revision-notes,8-transport-in-mammals/8-1-the-circulatory-system/8-1-4-blood-vessels-structures--functions
www.savemyexams.com,a-level,biology,cie,22,revision-notes,8-transport-in-mammals/8-2-transport-of-oxygen--carbon-dioxide/8-2-5-the-bohr-shift
www.savemyexams.com,a-level,biology,cie,22,revision-notes,9-gas-exchange/9-1-the-gas-exchange-system/9-1-4-recognising-structures
www.savemyexams.com,a-level,biology,cie,22,revision-notes,10-infectious-diseases/10-2-antibiotics/10-2-3-consequences-of-antibiotic-resistance
www.savemyexams.com,a-level,biology,cie,22,revision-notes,11-immunity/11-2-antibodies--vaccination/11-2-4-types-of-immunity
www.savemyexams.com,a-level,biology,cie,22,revision-notes,12-energy--respiration/12-2-respiration/12-2-1-structure--function-of-mitochondria
www.savemyexams.com,a-level,biology,cie,22,revision-notes,12-energy--respiration/12-2-respiration/12-2-9-energy-yield-aerobic--anaerobic-respiration
www.savemyexams.com,a-level,biology,cie,22,revision-notes,13-photosynthesis/13-1-photosynthesis-as-an-energy-transfer-process/13-1-7-photophosphorylation
www.savemyexams.com,a-level,biology,cie,22,revision-notes,14-homeostasis/14-1-homeostasis-in-mammals/14-1-5-formation-of-urine
www.savemyexams.com,a-level,biology,cie,22,revision-notes,15-control--coordination/15-1-control--coordination-in-mammals/15-1-2-the-nervous-system
www.savemyexams.com,a-level,biology,cie,22,revision-notes,15-control--coordination/15-1-control--coordination-in-mammals/15-1-10-stimulating-contraction-in-striated-muscle
www.savemyexams.com,a-level,biology,cie,22,revision-notes,16-inheritance/16-1-passage-of-information-from-parents-to-offspring/16-1-3-meiosis-in-animal--plant-cells
www.savemyexams.com,a-level,biology,cie,22,revision-notes,16-inheritance/16-2-the-roles-of-genes-in-determining-the-phenotype/16-2-6-genes-proteins--phenotype
www.savemyexams.com,a-level,biology,cie,22,revision-notes,17-selection--evolution/17-1-variation/17-1-4-variation-t-test-worked-example
www.savemyexams.com,a-level,biology,cie,22,revision-notes,17-selection--evolution/17-3-evolution/17-3-1-theory-of-evolution
www.savemyexams.com,a-level,biology,cie,22,revision-notes,18-classification-biodiversity--conservation/18-2-biodiversity/18-2-2-biodiversity
www.savemyexams.com,a-level,biology,cie,22,revision-notes,18-classification-biodiversity--conservation/18-3-conservation/18-3-3-methods-of-conservation
www.savemyexams.com,a-level,biology,cie,22,revision-notes,19-genetic-technology/19-1-principles-of-genetic-technology/19-1-5-genetic-engineering-vectors
www.savemyexams.com,a-level,biology,cie,22,revision-notes,19-genetic-technology/19-2-genetic-technology-applied-to-medicine/19-2-2-genetic-screening
www.savemyexams.com,a-level,biology,cie,22,topic-questions,2-biological-molecules/2-2-carbohydrates--lipids/multiple-choice-questions
www.savemyexams.com,a-level,biology,cie,22,topic-questions,5-the-mitotic-cell-cycle/5-2-chromosome-behaviour-in-mitosis/multiple-choice-questions
www.savemyexams.com,a-level,biology,cie,22,topic-questions,9-gas-exchange/9-1-the-gas-exchange-system/multiple-choice-questions
www.savemyexams.com,a-level,biology,cie,22,topic-questions,2-biological-molecules/2-2-carbohydrates--lipids/structured-questions
www.savemyexams.com,a-level,biology,cie,22,topic-questions,5-the-mitotic-cell-cycle/5-2-chromosome-behaviour-in-mitosis/structured-questions
www.savemyexams.com,a-level,biology,cie,22,topic-questions,9-gas-exchange/9-1-the-gas-exchange-system/structured-questions
www.savemyexams.com,a-level,biology,cie,22,topic-questions,13-photosynthesis/13-2-investigation-of-limiting-factors/structured-questions
www.savemyexams.com,a-level,biology,cie,22,topic-questions,17-selection--evolution/17-1-variation/structured-questions
www.savemyexams.com,a-level,biology,cie,22,topic-questions,19-genetic-technology/19-3-genetically-modified-organisms-in-agriculture/structured-questions
www.savemyexams.com,a-level,biology,cie,25,topic-questions,3-enzymes/3-2-factors-that-affect-enzyme-action/multiple-choice-questions
www.savemyexams.com,a-level,biology,cie,25,topic-questions,7-transport-in-plants/7-2-transport-mechanisms/multiple-choice-questions
www.savemyexams.com,a-level,biology,cie,25,topic-questions,11-immunity/11-2-antibodies-and-vaccination/multiple-choice-questions
www.savemyexams.com,a-level,biology,cie,25,topic-questions,3-enzymes/3-2-factors-that-affect-enzyme-action/structured-questions
www.savemyexams.com,a-level,biology,cie,25,topic-questions,7-transport-in-plants/7-2-transport-mechanisms/structured-questions
www.savemyexams.com,a-level,biology,cie,25,topic-questions,11-immunity/11-2-antibodies-and-vaccination/structured-questions
www.savemyexams.com,a-level,biology,cie,25,topic-questions,15-control-and-coordination/15-2-control-and-coordination-in-plants/structured-questions
www.savemyexams.com,a-level,biology,cie,25,topic-questions,18-classification-biodiversity-and-conservation/18-2-biodiversity/structured-questions